"TimeofExecution","E-hits_metric","UniqueKmers_2","UniqueHashes","KS-test-diff","KS-test-kmer2","Sample"
60,5.5,8,16,0,0.064719017035299,1
49,3.4,10,16,0,0.180986030836898,2
53,3.6,10,16,0,0.326899335378411,3
49,3,10,16,0,0.365983807922924,4
49,4.44444444444444,9,15,0,0.150020555486754,5
51,2.36363636363636,11,16,0,0.368736035457746,6
49,3,10,16,0,0.245257759947875,7
52,3.77777777777778,9,16,0,0.185963508142388,8
48,6,7,16,0,0.143014597431792,9
52,3.77777777777778,9,16,0,0.297674109780882,10
